,metrics/precision(B),metrics/recall(B),metrics/mAP50(B),metrics/mAP50-95(B),fitness
mean,0.8493392776307536,0.7637534933086323,0.8307900511732118,0.47916462436568413,0.5143271670464369
std,0.04445754972307099,0.034710208030807634,0.018967575954432346,0.015091465046482127,0.014934849876670337
min,0.7781394968416504,0.7120253164556962,0.8096060461197512,0.4639332895335997,0.5013008343460199
max,0.8910581182188503,0.7991424497813728,0.8596221806795414,0.5041505775777847,0.5396977378879604
