,metrics/precision(B),metrics/recall(B),metrics/mAP50(B),metrics/mAP50-95(B),fitness
mean,0.7778393805149028,0.7101628550107545,0.7677891504525579,0.4483413260070009,0.4802861084515566
std,0.05142883281866284,0.06373316680922077,0.05813264771322102,0.05868065649135578,0.05783048210299926
min,0.6924699392211086,0.6422018348623854,0.7110537563240383,0.38080910274732765,0.4143314026057887
max,0.8287315526683449,0.8,0.850531373954208,0.5112182387608883,0.5396496317256576
