                  epoch,           train/box_om,           train/cls_om,           train/dfl_om,           train/box_oo,           train/cls_oo,           train/dfl_oo,   metrics/precision(B),      metrics/recall(B),       metrics/mAP50(B),    metrics/mAP50-95(B),             val/box_om,             val/cls_om,             val/dfl_om,             val/box_oo,             val/cls_oo,             val/dfl_oo,                 lr/pg0,                 lr/pg1,                 lr/pg2
                      1,                 1.8366,                 3.0651,                 1.8077,                 1.5108,                 6.6542,                 1.5255,                0.25119,                0.22764,                0.16736,                0.06419,                 2.1021,                 3.7262,                 2.3141,                 1.6505,                 7.6938,                 1.7714,              0.0006631,              0.0006631,              0.0006631
                      2,                 1.7813,                 2.6857,                 1.7494,                 1.4787,                 6.0595,                 1.4866,                0.40184,                0.18699,                0.22981,                0.11902,                 1.6726,                 2.6846,                 1.7022,                 1.4719,                 6.3957,                  1.507,             0.00067153,             0.00067153,             0.00067153
